idx,model,question,pred,gold,EM,F1,Recall@k
0,scb10x/typhoon-ocr-7b:latest,ทีมรับของแพนเธอร์สยอมแพ้ที่คะแนนเท่าไร,[ERROR calling Ollama: 500 Server Error: Internal Server Error for url: http://localhost:11434/api/generate],308,0.0,0.0,1.0
1,scb10x/typhoon-ocr-7b:latest,จาเรด อัลเลน ทำการแซ็คไปกี่ครั้งตลอดอาชีพ,[ERROR calling Ollama: 500 Server Error: Internal Server Error for url: http://localhost:11434/api/generate],136,0.0,0.0,1.0
2,scb10x/typhoon-ocr-7b:latest,ลูค คีคลี แท็คเกิลไปกี่ครั้ง,[ERROR calling Ollama: 500 Server Error: Internal Server Error for url: http://localhost:11434/api/generate],118,0.0,0.0,1.0
3,scb10x/typhoon-ocr-7b:latest,จอช นอร์แมน อินเตอร์เซปลูกบอลได้กี่ลูก,[ERROR calling Ollama: 500 Server Error: Internal Server Error for url: http://localhost:11434/api/generate],สี่,0.0,0.0,1.0
4,scb10x/typhoon-ocr-7b:latest,ใครทำการแซ็คได้มากที่สุดของทีมในฤดูกาลนี้,[ERROR calling Ollama: 500 Server Error: Internal Server Error for url: http://localhost:11434/api/generate],คาวันน์ ชอร์ต,0.0,0.0,1.0
5,scb10x/typhoon-ocr-7b:latest,ทีมรับของแพนเธอร์ส ทำการอินเตอร์เซปไปกี่ครั้งภายในปี 2015,[ERROR calling Ollama: 500 Server Error: Internal Server Error for url: http://localhost:11434/api/generate],24,0.0,0.0,1.0
6,scb10x/typhoon-ocr-7b:latest,ใครเป็นผู้นำของแพนเธอร์สในการแซ็ค,[ERROR calling Ollama: 500 Server Error: Internal Server Error for url: http://localhost:11434/api/generate],คาวันน์ ชอร์ต,0.0,0.0,1.0
7,scb10x/typhoon-ocr-7b:latest,ผู้เล่นทีมรับของแพนเธอร์สได้รับเลือกให้เล่นในโปรโบว์ลกี่คน,[ERROR calling Ollama: 500 Server Error: Internal Server Error for url: http://localhost:11434/api/generate],สี่,0.0,0.0,1.0
8,scb10x/typhoon-ocr-7b:latest,โธมัส เดวิส ทำให้ฝ่ายตรงข้ามฟัมเบิลไปกี่ครั้ง,[ERROR calling Ollama: 500 Server Error: Internal Server Error for url: http://localhost:11434/api/generate],สี่,0.0,0.0,1.0
9,scb10x/typhoon-ocr-7b:latest,ผู้เล่นคนใดทำการอินเตอร์เซปสูงสุดในฤดูกาล,[ERROR calling Ollama: 500 Server Error: Internal Server Error for url: http://localhost:11434/api/generate],เคิร์ต โคลแมน,0.0,0.0,1.0
10,scb10x/typhoon-ocr-7b:latest,ในฤดูกาล 2015 ทีมรับของแพนเธอร์สทำการอินเตอร์เซปกี่ครั้ง,[ERROR calling Ollama: 500 Server Error: Internal Server Error for url: http://localhost:11434/api/generate],24,0.0,0.0,1.0
11,scb10x/typhoon-ocr-7b:latest,ใครแซ็คได้ห้าครั้งในเก้าเกมในฐานะผู้เปิดเกมของแคโรไลนาแพนเธอร์ส,[ERROR calling Ollama: 500 Server Error: Internal Server Error for url: http://localhost:11434/api/generate],โคนี อีลลี,0.0,0.0,1.0
12,scb10x/typhoon-ocr-7b:latest,ใครคือผู้นำการแทคเกิลของแพนเธอร์สในปี 2015,[ERROR calling Ollama: 500 Server Error: Internal Server Error for url: http://localhost:11434/api/generate],ลูค คีคลี,0.0,0.0,1.0
13,scb10x/typhoon-ocr-7b:latest,จอช นอร์แมน ทำทัชดาวน์จากการอินเตอร์เซปกี่ครั้งในปี 2015,[ERROR calling Ollama: 500 Server Error: Internal Server Error for url: http://localhost:11434/api/generate],สองครั้ง,0.0,0.0,1.0
14,scb10x/typhoon-ocr-7b:latest,ใครพ่ายแพ้ให้แก่ทีมบรอนคอสในรอบดิวิชั่น,[ERROR calling Ollama: 500 Server Error: Internal Server Error for url: http://localhost:11434/api/generate],พิตต์สเบิร์ก สตีลเลอร์ส,0.0,0.0,1.0
15,scb10x/typhoon-ocr-7b:latest,ทีมบรอนคอสทำคะแนนได้เท่าไรในสามนาทีสุดท้ายของการแข่งขันกับทีมพิตต์สเบิร์ก,[ERROR calling Ollama: 500 Server Error: Internal Server Error for url: http://localhost:11434/api/generate],11,0.0,0.0,1.0
16,scb10x/typhoon-ocr-7b:latest,ใครชนะในการแข่งขันซูเปอร์โบว์ลครั้งที่ 49,[ERROR calling Ollama: 500 Server Error: Internal Server Error for url: http://localhost:11434/api/generate],นิวอิงแลนด์แพทริออตส์,0.0,0.0,1.0
17,scb10x/typhoon-ocr-7b:latest,ผลคะแนนของการแข่งขันชิงแชมป์เอเอฟซี คือเท่าไร,[ERROR calling Ollama: 500 Server Error: Internal Server Error for url: http://localhost:11434/api/generate],20–18,0.0,0.0,1.0
18,scb10x/typhoon-ocr-7b:latest,ยังมีเวลาเหลือเท่าไรตอนที่ทีมบรอนคอสทำการอินเตอร์เซป ซึ่งทำให้การแข่งขันชิงแชมป์เอเอฟซีถึงบทสรุป,[ERROR calling Ollama: 500 Server Error: Internal Server Error for url: http://localhost:11434/api/generate],17 วินาที,0.0,0.0,1.0
19,scb10x/typhoon-ocr-7b:latest,ระหว่างทีมบรอนคอสและทีมสตีลเลอร์ส ใครเป็นฝ่ายชนะในรอบดิวิชั่น,[ERROR calling Ollama: 500 Server Error: Internal Server Error for url: http://localhost:11434/api/generate],ทีมบรอนคอส,0.0,0.0,1.0
20,scb10x/typhoon-ocr-7b:latest,ผลคะแนนการแข่งขันระหว่างทีมบรอนคอสและทีมสตีลเลอร์สคือเท่าไร,[ERROR calling Ollama: 500 Server Error: Internal Server Error for url: http://localhost:11434/api/generate],23–16,0.0,0.0,1.0
21,scb10x/typhoon-ocr-7b:latest,ใครชนะในการแข่งขันซูเปอร์โบว์ลครั้งที่ 49,[ERROR calling Ollama: 500 Server Error: Internal Server Error for url: http://localhost:11434/api/generate],นิวอิงแลนด์แพทริออตส์,0.0,0.0,1.0
22,scb10x/typhoon-ocr-7b:latest,เหลือเวลาอีกกี่วินาทีตอนที่บรอนคอสอินเตอร์เซปลูกที่ขว้างมาจนทำให้ชนะในเกมนั้น,[ERROR calling Ollama: 500 Server Error: Internal Server Error for url: http://localhost:11434/api/generate],17,0.0,0.0,1.0
23,scb10x/typhoon-ocr-7b:latest,ระหว่างการแข่งขันเพลย์ออฟ ใครไม่ได้ขว้างลูกบอลเลย,[ERROR calling Ollama: 500 Server Error: Internal Server Error for url: http://localhost:11434/api/generate],แมนนิง,0.0,0.0,1.0
24,scb10x/typhoon-ocr-7b:latest,ทีมบรอนคอสเอาชนะทีมใดในการแข่งขันรอบดิวิชั่น,[ERROR calling Ollama: 500 Server Error: Internal Server Error for url: http://localhost:11434/api/generate],พิตต์สเบิร์ก สตีลเลอร์ส,0.0,0.0,1.0
25,scb10x/typhoon-ocr-7b:latest,ทีมบรอนคอสทำคะแนนได้เท่าไรในสามนาทีสุดท้ายของการแข่งขันกับทีมพิตตส์เบิร์ก,[ERROR calling Ollama: 500 Server Error: Internal Server Error for url: http://localhost:11434/api/generate],11,0.0,0.0,1.0
26,scb10x/typhoon-ocr-7b:latest,ทีมบรอนคอสเอาชนะทีมใดในการแข่งขันชิงแชมป์เอเอฟซี,[ERROR calling Ollama: 500 Server Error: Internal Server Error for url: http://localhost:11434/api/generate],นิวอิงแลนด์แพทริออตส์,0.0,0.0,1.0
27,scb10x/typhoon-ocr-7b:latest,ทีมบรอนคอสเอาชนะทีมใดในการชนะการแข่งขันรอบดิวิชั่นในปี 2015,[ERROR calling Ollama: 500 Server Error: Internal Server Error for url: http://localhost:11434/api/generate],พิตต์สเบิร์ก สตีลเลอร์ส,0.0,0.0,1.0
28,scb10x/typhoon-ocr-7b:latest,ทีมบรอนคอสเอาชนะทีมใดในการเป็นแชมป์ในการแข่งขันชิงแชมป์เอเอฟซี,[ERROR calling Ollama: 500 Server Error: Internal Server Error for url: http://localhost:11434/api/generate],นิวอิงแลนด์แพทริออตส์,0.0,0.0,1.0
29,scb10x/typhoon-ocr-7b:latest,เหลือเวลาอีกกี่วินาทีตอนที่ทีมแพทริออตส์พลาดในการทำ 2 คะแนนหลังทัชดาวน์,[ERROR calling Ollama: 500 Server Error: Internal Server Error for url: http://localhost:11434/api/generate],17,0.0,0.0,1.0
30,scb10x/typhoon-ocr-7b:latest,เพย์ตัน แมนนิง อายุเท่าไรตอนที่เขาเล่นในซูเปอร์โบว์ลครั้งที่ 50,[ERROR calling Ollama: 500 Server Error: Internal Server Error for url: http://localhost:11434/api/generate],39,0.0,0.0,1.0
31,scb10x/typhoon-ocr-7b:latest,ก่อนหน้านี้ใครเป็นเจ้าของสถิติควอเตอร์แบ็กที่อายุมากที่สุดที่เล่นในซูเปอร์โบว์ล,[ERROR calling Ollama: 500 Server Error: Internal Server Error for url: http://localhost:11434/api/generate],จอห์น เอลเวย์,0.0,0.0,1.0
32,scb10x/typhoon-ocr-7b:latest,จอห์น เอลเวย์ อายุเท่าไรตอนที่เขาเล่นในซูเปอร์โบว์ลครั้งที่ 33,[ERROR calling Ollama: 500 Server Error: Internal Server Error for url: http://localhost:11434/api/generate],38,0.0,0.0,1.0
33,scb10x/typhoon-ocr-7b:latest,ปัจจุบัน จอห์น เอลเวย์ มีบทบาทอะไรในเครือของบรอนคอส,[ERROR calling Ollama: 500 Server Error: Internal Server Error for url: http://localhost:11434/api/generate],รองประธานผู้บริหารทีมฟุตบอลและผู้จัดการทั่วไป,0.0,0.0,1.0
34,scb10x/typhoon-ocr-7b:latest,จอห์น เอลเวย์ เล่นให้ทีมใดในซูเปอร์โบว์ลครั้งที่ 33,[ERROR calling Ollama: 500 Server Error: Internal Server Error for url: http://localhost:11434/api/generate],บรอนคอส,0.0,0.0,1.0
35,scb10x/typhoon-ocr-7b:latest,ทีมใดชนะในการแข่งขันซูเปอร์โบว์ลครั้งที่ 33,[ERROR calling Ollama: 500 Server Error: Internal Server Error for url: http://localhost:11434/api/generate],บรอนคอส,0.0,0.0,1.0
36,scb10x/typhoon-ocr-7b:latest,ใครคือผู้จัดการทั่วไปของบรอนคอส,[ERROR calling Ollama: 500 Server Error: Internal Server Error for url: http://localhost:11434/api/generate],จอห์น เอลเวย์,0.0,0.0,1.0
37,scb10x/typhoon-ocr-7b:latest,เอลเวย์ อายุเท่าไรตอนที่ชนะในการแข่งขันซูเปอร์โบว์ลครั้งที่ 33,[ERROR calling Ollama: 500 Server Error: Internal Server Error for url: http://localhost:11434/api/generate],38,0.0,0.0,1.0
38,scb10x/typhoon-ocr-7b:latest,ใครเป็นเจ้าของสถิติควอเตอร์แบ็กที่อายุมากที่สุดที่เล่นในซูเปอร์โบว์ลทุกครั้งที่ผ่านมา,[ERROR calling Ollama: 500 Server Error: Internal Server Error for url: http://localhost:11434/api/generate],เพย์ตัน แมนนิง,0.0,0.0,1.0
39,scb10x/typhoon-ocr-7b:latest,แมนนิง เคยเล่นให้กี่ทีมซึ่งได้ไปแข่งในซูเปอร์โบว์ลขณะที่เขาอยู่ในทีม,[ERROR calling Ollama: 500 Server Error: Internal Server Error for url: http://localhost:11434/api/generate],สอง,0.0,0.0,1.0
40,scb10x/typhoon-ocr-7b:latest,เพย์ตัน แมนนิง พากี่ทีมไปสู่ซูเปอร์โบว์ล,[ERROR calling Ollama: 500 Server Error: Internal Server Error for url: http://localhost:11434/api/generate],สอง,0.0,0.0,1.0
41,scb10x/typhoon-ocr-7b:latest,ใครคือควอเตอร์แบ็กที่อายุมากที่สุดที่เล่นในซูเปอร์โบว์ล,[ERROR calling Ollama: 500 Server Error: Internal Server Error for url: http://localhost:11434/api/generate],เพย์ตัน แมนนิง,0.0,0.0,1.0
42,scb10x/typhoon-ocr-7b:latest,ใครคือควอเตอร์แบ็กที่อายุมากที่สุดที่เล่นในซูเปอร์โบว์ล,[ERROR calling Ollama: 500 Server Error: Internal Server Error for url: http://localhost:11434/api/generate],จอห์น เอลเวย์,0.0,0.0,1.0
43,scb10x/typhoon-ocr-7b:latest,การแข่งขันซูเปอร์โบว์ลครั้งที่เท่าไรที่ เอลเวย์ชนะเมื่อเขาอายุ 38 ปี,[ERROR calling Ollama: 500 Server Error: Internal Server Error for url: http://localhost:11434/api/generate],ซูเปอร์โบว์ลครั้งที่ 33,0.0,0.0,1.0
44,scb10x/typhoon-ocr-7b:latest,ใครคือควอเตอร์แบ็กคนแรกที่พาทีมไปสู่ซูเปอร์โบว์ลมากกว่าหนึ่งครั้ง,[ERROR calling Ollama: 500 Server Error: Internal Server Error for url: http://localhost:11434/api/generate],เพย์ตัน แมนนิง,0.0,0.0,1.0
45,scb10x/typhoon-ocr-7b:latest,แมนนิง อายุเท่าไรตอนที่เขาเล่นในซูเปอร์โบว์ลครั้งที่ 50,[ERROR calling Ollama: 500 Server Error: Internal Server Error for url: http://localhost:11434/api/generate],39,0.0,0.0,1.0
46,scb10x/typhoon-ocr-7b:latest,ควอเตอร์แบ็กที่มีอายุ 38 ปีในการแข่งขันซูเปอร์โบว์ลครั้งที่ 33 มีชื่อว่าอะไร,[ERROR calling Ollama: 500 Server Error: Internal Server Error for url: http://localhost:11434/api/generate],จอห์น เอลเวย์,0.0,0.0,1.0
47,scb10x/typhoon-ocr-7b:latest,เลดีกากา ชนะแกรมมีกี่รางวัล,[ERROR calling Ollama: 500 Server Error: Internal Server Error for url: http://localhost:11434/api/generate],หก,0.0,0.0,1.0
48,scb10x/typhoon-ocr-7b:latest,เลดีกากา ร้องเพลงอะไร,[ERROR calling Ollama: 500 Server Error: Internal Server Error for url: http://localhost:11434/api/generate],เพลงชาติ,0.0,0.0,1.0
49,scb10x/typhoon-ocr-7b:latest,มาร์ลี แมตลิน ชนะรางวัลอะไร,[ERROR calling Ollama: 500 Server Error: Internal Server Error for url: http://localhost:11434/api/generate],อคาเดมี,0.0,0.0,1.0
50,scb10x/typhoon-ocr-7b:latest,มาร์ลี แมตลิน แปลอะไร,[ERROR calling Ollama: 500 Server Error: Internal Server Error for url: http://localhost:11434/api/generate],เพลงชาติ,0.0,0.0,1.0
51,scb10x/typhoon-ocr-7b:latest,มาร์ลี แมตลิน แปลเพลงชาติให้เป็นภาษาอะไร,[ERROR calling Ollama: 500 Server Error: Internal Server Error for url: http://localhost:11434/api/generate],ภาษามือแบบอเมริกัน,0.0,0.0,1.0
52,scb10x/typhoon-ocr-7b:latest,ใครเป็นผู้ร้องเพลงชาติ,[ERROR calling Ollama: 500 Server Error: Internal Server Error for url: http://localhost:11434/api/generate],เลดีกากา,0.0,0.0,1.0
53,scb10x/typhoon-ocr-7b:latest,นักแสดงหญิงคนใดเป็นผู้แปลภาษามือให้แก่เกม,[ERROR calling Ollama: 500 Server Error: Internal Server Error for url: http://localhost:11434/api/generate],มาร์ลี แมตลิน,0.0,0.0,1.0
54,scb10x/typhoon-ocr-7b:latest,ใครเป็นผู้ร้องเพลงชาติในการแข่งขัน Super Bowl 50,[ERROR calling Ollama: 500 Server Error: Internal Server Error for url: http://localhost:11434/api/generate],เลดีกากา,0.0,0.0,1.0
55,scb10x/typhoon-ocr-7b:latest,นักแสดงคนใดเป็นผู้แปลเพลงชาติให้เป็นภาษามือในการแข่งขันซูเปอร์โบว์ลครั้งที่ 50,[ERROR calling Ollama: 500 Server Error: Internal Server Error for url: http://localhost:11434/api/generate],มาร์ลี แมตลิน,0.0,0.0,1.0
56,scb10x/typhoon-ocr-7b:latest,ใครเป็นผู้ร้องเพลงชาติในการแข่งขันซูเปอร์โบว์ลครั้งที่ 50,[ERROR calling Ollama: 500 Server Error: Internal Server Error for url: http://localhost:11434/api/generate],เลดีกากา,0.0,0.0,1.0
57,scb10x/typhoon-ocr-7b:latest,ข้อความนี้กล่าวว่า เลดีกากา ชนะแกรมมีกี่รางวัล,[ERROR calling Ollama: 500 Server Error: Internal Server Error for url: http://localhost:11434/api/generate],หก,0.0,0.0,1.0
58,scb10x/typhoon-ocr-7b:latest,ใครเป็นผู้แปลเพลงชาติให้เป็นภาษามือในการแข่งขันซูเปอร์โบว์ลครั้งที่ 50,[ERROR calling Ollama: 500 Server Error: Internal Server Error for url: http://localhost:11434/api/generate],มาร์ลี แมตลิน,0.0,0.0,1.0
59,scb10x/typhoon-ocr-7b:latest,แคโรไลนาเริ่มเล่นที่เส้นหลาที่เท่าไรเมื่อมีเวลาเหลืออีก 4:51 นาที,[ERROR calling Ollama: 500 Server Error: Internal Server Error for url: http://localhost:11434/api/generate],24,0.0,0.0,1.0
60,scb10x/typhoon-ocr-7b:latest,ใครฟัมเบิลลูกบอลที่เส้น 3 หลาตัดกับเส้น 9 หลา,[ERROR calling Ollama: 500 Server Error: Internal Server Error for url: http://localhost:11434/api/generate],นิวตัน,0.0,0.0,1.0
61,scb10x/typhoon-ocr-7b:latest,ผู้เล่นคนใดในทีมรับของแพนเธอร์สถูกเรียกเพราะการดึงในดาวน์ที่สาม,[ERROR calling Ollama: 500 Server Error: Internal Server Error for url: http://localhost:11434/api/generate],จอช นอร์แมน,0.0,0.0,1.0
62,scb10x/typhoon-ocr-7b:latest,ผู้เล่นคนใดต่อยลูกบอลเข้าไปจากเส้นสองหลา,[ERROR calling Ollama: 500 Server Error: Internal Server Error for url: http://localhost:11434/api/generate],แอนเดอร์สัน,0.0,0.0,1.0
63,scb10x/typhoon-ocr-7b:latest,ใครคือผู้รับลูกบอลได้สำเร็จในการทำ 2 คะแนนหลังทัชดาวน์,[ERROR calling Ollama: 500 Server Error: Internal Server Error for url: http://localhost:11434/api/generate],เบนนี ฟาวเลอร์,0.0,0.0,1.0
64,scb10x/typhoon-ocr-7b:latest,ใครแย่งลูกบอลจากนิวตันที่เส้น 3 หลาตัดกับ 9 หลา,[ERROR calling Ollama: 500 Server Error: Internal Server Error for url: http://localhost:11434/api/generate],มิลเลอร์,0.0,0.0,1.0
65,scb10x/typhoon-ocr-7b:latest,ใครเอาลูกบอลที่ถูกแย่งไปกลับคืนมาได้,[ERROR calling Ollama: 500 Server Error: Internal Server Error for url: http://localhost:11434/api/generate],วอร์ด,0.0,0.0,1.0
66,scb10x/typhoon-ocr-7b:latest,ผู้เล่นคนใดถูกวิจารณ์เพราะไม่กระโดดเข้าใส่กองผู้เล่นที่ทับกันเพื่อแย่งลูกบอล,[ERROR calling Ollama: 500 Server Error: Internal Server Error for url: http://localhost:11434/api/generate],นิวตัน,0.0,0.0,1.0
67,scb10x/typhoon-ocr-7b:latest,ผู้เล่นทีมแพนเธอร์สคนใดได้รับโทษ จนทำให้ทีมบรอนคอสได้ดาวน์เพิ่มหลายดาวน์,[ERROR calling Ollama: 500 Server Error: Internal Server Error for url: http://localhost:11434/api/generate],จอช นอร์แมน,0.0,0.0,1.0
68,scb10x/typhoon-ocr-7b:latest,เกมยังมีเวลาเหลืออีกเท่าไรตอนที่เดนเวอร์ได้คะแนนนำอยู่ 24-10,[ERROR calling Ollama: 500 Server Error: Internal Server Error for url: http://localhost:11434/api/generate],3:08,0.0,0.0,1.0
69,scb10x/typhoon-ocr-7b:latest,เหลือเวลาอีกเท่าไร ตอนที่แคโรไลนาได้ครองบอลที่เส้น 24 หลาในควอเตอร์ที่สี่,[ERROR calling Ollama: 500 Server Error: Internal Server Error for url: http://localhost:11434/api/generate],4:51,0.0,0.0,1.0
70,scb10x/typhoon-ocr-7b:latest,ผู้เล่นที่แย่งบอลจากนิวตันในปลายควอเตอร์ที่สี่ชื่อว่าอะไร,[ERROR calling Ollama: 500 Server Error: Internal Server Error for url: http://localhost:11434/api/generate],มิลเลอร์,0.0,0.0,1.0
71,scb10x/typhoon-ocr-7b:latest,ผู้เล่นที่เอาบอลซึ่งนิวตันโดนแย่งไปในปลายควอเตอร์ที่สี่กลับคืนมาได้ชื่อว่าอะไร,[ERROR calling Ollama: 500 Server Error: Internal Server Error for url: http://localhost:11434/api/generate],วอร์ด,0.0,0.0,1.0
72,scb10x/typhoon-ocr-7b:latest,เดนเวอร์ถูกกันให้อยู่นอกเอนด์โซนกี่เกม หลังจากแย่งลูกบอลไปจากนิวตัน,[ERROR calling Ollama: 500 Server Error: Internal Server Error for url: http://localhost:11434/api/generate],สาม,0.0,0.0,1.0
73,scb10x/typhoon-ocr-7b:latest,ผู้เล่นที่ทำคะแนนทัชดาวน์จากการวิ่ง 2 หลาในควอเตอร์ที่สี่นามสกุลอะไร,[ERROR calling Ollama: 500 Server Error: Internal Server Error for url: http://localhost:11434/api/generate],แอนเดอร์สัน,0.0,0.0,1.0
74,scb10x/typhoon-ocr-7b:latest,แซกซอนการ์เดนในภาษาโปแลนด์เรียกว่า,[ERROR calling Ollama: 500 Server Error: Internal Server Error for url: http://localhost:11434/api/generate],ออกรุดซาสกี,0.0,0.0,1.0
75,scb10x/typhoon-ocr-7b:latest,ซัมเมอร์เธียเตอร์ตั้งอยู่ที่ใด,[ERROR calling Ollama: 500 Server Error: Internal Server Error for url: http://localhost:11434/api/generate],แซ็กซอนการ์เดน,0.0,0.0,1.0
76,scb10x/typhoon-ocr-7b:latest,ซัมเมอร์เธียเตอร์เปิดดำเนินการนานเท่าไร,[ERROR calling Ollama: 500 Server Error: Internal Server Error for url: http://localhost:11434/api/generate],1870 ถึง,0.0,0.0,1.0
77,scb10x/typhoon-ocr-7b:latest,โรงละครคาบาเรต์แห่งแรกของวอร์ซอว์คือที่ไหน,[ERROR calling Ollama: 500 Server Error: Internal Server Error for url: http://localhost:11434/api/generate],โมมุส,0.0,0.0,1.0
78,scb10x/typhoon-ocr-7b:latest,ตัวอย่างที่ดีที่สุดของ “โรงละครที่เป็นอนุสรณ์แบบโปแลนด์” คือโรงละครใด,[ERROR calling Ollama: 500 Server Error: Internal Server Error for url: http://localhost:11434/api/generate],วอยเชคโบกุสลาฟสกี,0.0,0.0,1.0
79,scb10x/typhoon-ocr-7b:latest,ใครชนะในการแข่งขันเอ็กซตราคลาซาแชมเปียนชิปปี 2000,[ERROR calling Ollama: 500 Server Error: Internal Server Error for url: http://localhost:11434/api/generate],โปโลเนียวอร์ซอว์,0.0,0.0,1.0
80,scb10x/typhoon-ocr-7b:latest,ก่อนหน้าปี 2000 โปโลเนียวอร์ซอว์เป็นแชมป์ระดับประเทศในปีใด,[ERROR calling Ollama: 500 Server Error: Internal Server Error for url: http://localhost:11434/api/generate],1946,0.0,0.0,1.0
81,scb10x/typhoon-ocr-7b:latest,โปโลเนียได้ถ้วยรางวัลกี่ครั้ง,[ERROR calling Ollama: 500 Server Error: Internal Server Error for url: http://localhost:11434/api/generate],สองครั้ง,0.0,0.0,1.0
82,scb10x/typhoon-ocr-7b:latest,ที่ทำการของโปโลเนียตั้งอยู่ที่ใด,[ERROR calling Ollama: 500 Server Error: Internal Server Error for url: http://localhost:11434/api/generate],ถนนคอนวิคตอร์สกา,0.0,0.0,1.0
83,scb10x/typhoon-ocr-7b:latest,เหตุใดโปโลเนียจึงลดระดับดิวิชั่นในการแข่งขันในประเทศในปี 2013,[ERROR calling Ollama: 500 Server Error: Internal Server Error for url: http://localhost:11434/api/generate],สถานะทางการเงินเข้าขั้นวิกฤต,0.0,0.0,1.0
84,scb10x/typhoon-ocr-7b:latest,วอร์ซอว์เป็นเมืองแบบใดนับตั้งแต่ที่มีการดำรงอยู่,[ERROR calling Ollama: 500 Server Error: Internal Server Error for url: http://localhost:11434/api/generate],วัฒนธรรมหลากหลาย,0.0,0.0,1.0
85,scb10x/typhoon-ocr-7b:latest,จำนวนประชากรของวอร์ซอว์ในปี 1901 มีเท่าไร,[ERROR calling Ollama: 500 Server Error: Internal Server Error for url: http://localhost:11434/api/generate],"711,988",0.0,0.0,1.0
86,scb10x/typhoon-ocr-7b:latest,จากจำนวนผู้อยู่อาศัยในวอร์ซอว์ในปี 1901 มีชาวคาทอลิกกี่เปอร์เซ็นต์,[ERROR calling Ollama: 500 Server Error: Internal Server Error for url: http://localhost:11434/api/generate],56.2%,0.0,0.0,1.0
87,scb10x/typhoon-ocr-7b:latest,จากจำนวนผู้อยู่อาศัยในวอร์ซอว์ในปี 1901 มีชาวโปรเตสแตนต์กี่เปอร์เซ็นต์,[ERROR calling Ollama: 500 Server Error: Internal Server Error for url: http://localhost:11434/api/generate],2.8%,0.0,0.0,1.0
88,scb10x/typhoon-ocr-7b:latest,สถานที่สักการะทางศาสนาส่วนใหญ่ในวอร์ซอว์ถูกทำลายเมื่อใด,[ERROR calling Ollama: 500 Server Error: Internal Server Error for url: http://localhost:11434/api/generate],1944,0.0,0.0,1.0
89,scb10x/typhoon-ocr-7b:latest,หน่วยพื้นฐานในการแบ่งเขตแดนในโปแลนด์คืออะไร,[ERROR calling Ollama: 500 Server Error: Internal Server Error for url: http://localhost:11434/api/generate],เทศบาล,0.0,0.0,1.0
90,scb10x/typhoon-ocr-7b:latest,ระดับที่สองของการแบ่งเขตแดนในโปแลนด์เรียกว่าอะไร,[ERROR calling Ollama: 500 Server Error: Internal Server Error for url: http://localhost:11434/api/generate],มณฑล หรือโปเวียต,0.0,0.0,1.0
91,scb10x/typhoon-ocr-7b:latest,ในอำเภอใดบ้างที่หมายเลขทะเบียนรถยนต์เป็นประเภทเดียวกัน,[ERROR calling Ollama: 500 Server Error: Internal Server Error for url: http://localhost:11434/api/generate],กรากุฟ,0.0,0.0,1.0
92,scb10x/typhoon-ocr-7b:latest,ตลาดหลักทรัพย์แห่งแรกของวอร์ซอว์ได้รับการก่อตั้งขึ้นในปีใด,[ERROR calling Ollama: 500 Server Error: Internal Server Error for url: http://localhost:11434/api/generate],1817,0.0,0.0,1.0
93,scb10x/typhoon-ocr-7b:latest,ตลาดหลักทรัพย์วอร์ซอว์หยุดทำการเพราะเหตุใด,[ERROR calling Ollama: 500 Server Error: Internal Server Error for url: http://localhost:11434/api/generate],สงครามโลกครั้งที่สอง,0.0,0.0,1.0
94,scb10x/typhoon-ocr-7b:latest,ตลาดหลักทรัพย์วอร์ซอว์กลับมาดำเนินการอีกครั้งเมื่อใด,[ERROR calling Ollama: 500 Server Error: Internal Server Error for url: http://localhost:11434/api/generate],เดือนเมษายน ปี 1991,0.0,0.0,1.0
95,scb10x/typhoon-ocr-7b:latest,มีกี่บริษัทที่อยู่ในรายชื่อของตลาดหลักทรัพย์วอร์ซอว์ในเดือนสิงหาคม ปี 2009,[ERROR calling Ollama: 500 Server Error: Internal Server Error for url: http://localhost:11434/api/generate],374,0.0,0.0,1.0
96,scb10x/typhoon-ocr-7b:latest,ตลาดหลักทรัพย์วอร์ซอว์ตั้งอยู่ในอดีตสำนักงานใหญ่ของใครจนกระทั่งปี 2000,[ERROR calling Ollama: 500 Server Error: Internal Server Error for url: http://localhost:11434/api/generate],สหพรรคแรงงานโปแลนด์,0.0,0.0,1.0
97,scb10x/typhoon-ocr-7b:latest,การมาถึงของใครที่ทำให้ผู้ตั้งถิ่นฐานชาวไวกิงมีเอกลักษณ์ร่วมกัน,[ERROR calling Ollama: 500 Server Error: Internal Server Error for url: http://localhost:11434/api/generate],รอลโล,0.0,0.0,1.0
98,scb10x/typhoon-ocr-7b:latest,ผู้นำที่ได้รับมอบบรรดาศักดิ์จากจักรพรรดิอ็องรีที่สามชื่อว่าอะไร,[ERROR calling Ollama: 500 Server Error: Internal Server Error for url: http://localhost:11434/api/generate],โดรโก,0.0,0.0,1.0
99,scb10x/typhoon-ocr-7b:latest,ใครคือเคานต์แห่งเมลฟี,[ERROR calling Ollama: 500 Server Error: Internal Server Error for url: http://localhost:11434/api/generate],วิลเลียมแขนเหล็ก,0.0,0.0,1.0
100,scb10x/typhoon-ocr-7b:latest,ใครคือศัตรูสำคัญในอิตาลีของชาว Norman จักรวรรดิไบแซนไทน์หรืออาร์เมเนีย,[ERROR calling Ollama: 500 Server Error: Internal Server Error for url: http://localhost:11434/api/generate],เซลจุกเติร์ก,0.0,0.0,1.0
101,scb10x/typhoon-ocr-7b:latest,ปราสาทของชาวนอร์มันมีชื่อว่าอะไร,[ERROR calling Ollama: 500 Server Error: Internal Server Error for url: http://localhost:11434/api/generate],อาฟรานจี,0.0,0.0,1.0
102,scb10x/typhoon-ocr-7b:latest,ใครคือผู้นำตอนที่ชาวแฟรงก์เข้าไปในหุบเขายูเฟรติส,[ERROR calling Ollama: 500 Server Error: Internal Server Error for url: http://localhost:11434/api/generate],อูร์เซล,0.0,0.0,1.0
103,scb10x/typhoon-ocr-7b:latest,ชาวนอร์มันเข้าร่วมกับใครในอานาโตเลีย,[ERROR calling Ollama: 500 Server Error: Internal Server Error for url: http://localhost:11434/api/generate],กองกำลังชาวเติร์ก,0.0,0.0,1.0
104,scb10x/typhoon-ocr-7b:latest,หมู่เกาะคานารีอยู่ใกล้ชายฝั่งของทวีปใด,[ERROR calling Ollama: 500 Server Error: Internal Server Error for url: http://localhost:11434/api/generate],ทวีปแอฟริกา,0.0,0.0,1.0
105,scb10x/typhoon-ocr-7b:latest,เทสลาเสียชีวิตในปีใด,[ERROR calling Ollama: 500 Server Error: Internal Server Error for url: http://localhost:11434/api/generate],1943,0.0,0.0,1.0
106,scb10x/typhoon-ocr-7b:latest,อะไรได้รับการตั้งชื่อตามเทสลาเพื่อเป็นเกียรติแก่เขา,[ERROR calling Ollama: 500 Server Error: Internal Server Error for url: http://localhost:11434/api/generate],หน่วยเอสไอของความหนาแน่นฟลักซ์แม่เหล็ก,0.0,0.0,1.0
107,scb10x/typhoon-ocr-7b:latest,เทสลาใช้ชีวิตอยู่ที่ใดมากที่สุด,[ERROR calling Ollama: 500 Server Error: Internal Server Error for url: http://localhost:11434/api/generate],โรงแรมต่าง ๆ ในนิวยอร์ก,0.0,0.0,1.0
108,scb10x/typhoon-ocr-7b:latest,เทสลามีชื่อเสียงในวัฒนธรรมสมัยนิยมในฐานะอะไร,[ERROR calling Ollama: 500 Server Error: Internal Server Error for url: http://localhost:11434/api/generate],นักวิทยาศาสตร์สติเฟื่อง,0.0,0.0,1.0
109,scb10x/typhoon-ocr-7b:latest,เทสลาหาทุนอย่างไรในการสร้างผลงานของเขา,[ERROR calling Ollama: 500 Server Error: Internal Server Error for url: http://localhost:11434/api/generate],สิทธิบัตร,0.0,0.0,1.0
110,scb10x/typhoon-ocr-7b:latest,เทสลาเสียชีวิตในปีใด,[ERROR calling Ollama: 500 Server Error: Internal Server Error for url: http://localhost:11434/api/generate],1943,0.0,0.0,1.0
111,scb10x/typhoon-ocr-7b:latest,ในการประชุมทั่วไปเกี่ยวกับระบบน้ำหนักและการชั่งตวงวัดในปี 1960 มีการตั้งชื่อสิ่งใดตามชื่อ เทสลา,[ERROR calling Ollama: 500 Server Error: Internal Server Error for url: http://localhost:11434/api/generate],หน่วยเอสไอของความหนาแน่นฟลักซ์แม่เหล็ก,0.0,0.0,1.0
112,scb10x/typhoon-ocr-7b:latest,ผู้คนเริ่มสนใจในเทสลาอีกครั้งเมื่อใด,[ERROR calling Ollama: 500 Server Error: Internal Server Error for url: http://localhost:11434/api/generate],1990,0.0,0.0,1.0
113,scb10x/typhoon-ocr-7b:latest,นอกเหนือจากความสำเร็จด้านวิทยาศาสตร์แล้ว เทสลายังมีชื่อเสียงในด้านใด,[ERROR calling Ollama: 500 Server Error: Internal Server Error for url: http://localhost:11434/api/generate],ลูกเล่นในการอวดฝีมือ,0.0,0.0,1.0
114,scb10x/typhoon-ocr-7b:latest,เทสลาร่วมหุ้นกับใครในปี 1886,[ERROR calling Ollama: 500 Server Error: Internal Server Error for url: http://localhost:11434/api/generate],โรเบิร์ต เลน และเบนจามิน เวล,0.0,0.0,1.0
115,scb10x/typhoon-ocr-7b:latest,เลนและเวลสนับสนุนเงินทุนแก่อะไร,[ERROR calling Ollama: 500 Server Error: Internal Server Error for url: http://localhost:11434/api/generate],เทสลาอิเล็กทริกไลต์แอนด์แมนูแฟคเจอริง,0.0,0.0,1.0
116,scb10x/typhoon-ocr-7b:latest,บริษัท เทสลาเทสลาอิเล็กทริกไลต์แอนด์แมนูแฟคเจอริง ทำอะไร,[ERROR calling Ollama: 500 Server Error: Internal Server Error for url: http://localhost:11434/api/generate],ติดตั้ง ระบบส่องสว่างโดยใช้แสงจากการอาร์กไฟฟ้า ซึ่งออกแบบโดย เทสลา,0.0,0.0,1.0
117,scb10x/typhoon-ocr-7b:latest,เทสลา ได้รับอะไรเป็นครั้งแรกหลังจากเริ่มก่อตั้งบริษัท,[ERROR calling Ollama: 500 Server Error: Internal Server Error for url: http://localhost:11434/api/generate],สิทธิบัตร,0.0,0.0,1.0
118,scb10x/typhoon-ocr-7b:latest,บริษัทของเทสลาผลิตอะไร,[ERROR calling Ollama: 500 Server Error: Internal Server Error for url: http://localhost:11434/api/generate],ระบบส่องสว่างโดยใช้แสงจากการอาร์กไฟฟ้า,0.0,0.0,1.0
119,scb10x/typhoon-ocr-7b:latest,หุ้นส่วนใหม่ของเทสลามีชื่อว่าอะไรบ้าง,[ERROR calling Ollama: 500 Server Error: Internal Server Error for url: http://localhost:11434/api/generate],โรเบิร์ต เลน และเบนจามิน เวล,0.0,0.0,1.0
120,scb10x/typhoon-ocr-7b:latest,เทสลา เลน และเวล เริ่มเป็นหุ้นส่วนกันเมื่อใด,[ERROR calling Ollama: 500 Server Error: Internal Server Error for url: http://localhost:11434/api/generate],1886,0.0,0.0,1.0
121,scb10x/typhoon-ocr-7b:latest,บริษัทที่นักธุรกิจทั้งสองสนับสนุนเงินทุนชื่อว่าอะไร,[ERROR calling Ollama: 500 Server Error: Internal Server Error for url: http://localhost:11434/api/generate],เทสลาอิเล็กทริกไลต์แอนด์แมนูแฟคเจอริง,0.0,0.0,1.0
122,scb10x/typhoon-ocr-7b:latest,บริษัท เทสลาเทสลาอิเล็กทริกไลต์แอนด์แมนูแฟคเจอริง ทำอะไร,[ERROR calling Ollama: 500 Server Error: Internal Server Error for url: http://localhost:11434/api/generate],ติดตั้ง ระบบส่องสว่างโดยใช้แสงจากการอาร์กไฟฟ้า,0.0,0.0,1.0
123,scb10x/typhoon-ocr-7b:latest,ใครเป็นผู้ออกแบบระบบส่องสว่างโดยใช้แสงจากการอาร์กไฟฟ้าซึ่งบริษัท เทสลาอิเล็กทริกไลต์แอนด์แมนูแฟคเจอริง ติดตั้ง,[ERROR calling Ollama: 500 Server Error: Internal Server Error for url: http://localhost:11434/api/generate],เทสลา,0.0,0.0,1.0
124,scb10x/typhoon-ocr-7b:latest,เทสลาได้รับสิทธิบัตรเครื่องส่งผ่านไฟฟ้าเมื่อใด,[ERROR calling Ollama: 500 Server Error: Internal Server Error for url: http://localhost:11434/api/generate],1900,0.0,0.0,1.0
125,scb10x/typhoon-ocr-7b:latest,ใครเป็นคนแรกที่ส่งสัญญาณวิทยุข้ามมหาสมุทรแอตแลนติก,[ERROR calling Ollama: 500 Server Error: Internal Server Error for url: http://localhost:11434/api/generate],กูลเยลโม มาร์โกนี,0.0,0.0,1.0
126,scb10x/typhoon-ocr-7b:latest,การสาธิตส่งสัญญาณวิทยุของมาร์โกนีเกิดขึ้นเมื่อใด,[ERROR calling Ollama: 500 Server Error: Internal Server Error for url: http://localhost:11434/api/generate],1901,0.0,0.0,1.0
127,scb10x/typhoon-ocr-7b:latest,สิทธิบัตรของเทสลากลับมาใช้ได้ดังเดิมเมื่อใด,[ERROR calling Ollama: 500 Server Error: Internal Server Error for url: http://localhost:11434/api/generate],1943,0.0,0.0,1.0
128,scb10x/typhoon-ocr-7b:latest,องค์กรใดเป็นผู้ตัดสินใจให้สิทธิบัตรของเทสลาใช้ได้ดังเดิม,[ERROR calling Ollama: 500 Server Error: Internal Server Error for url: http://localhost:11434/api/generate],ศาลสูงสุดของสหรัฐอเมริกา,0.0,0.0,1.0
129,scb10x/typhoon-ocr-7b:latest,มีผู้ได้รับการเสนอชื่อให้ได้รับรางวัลกี่คนในปี 1915,[ERROR calling Ollama: 500 Server Error: Internal Server Error for url: http://localhost:11434/api/generate],38,0.0,0.0,1.0
130,scb10x/typhoon-ocr-7b:latest,ใครได้รับการเสนอชืาอในปี 1915,[ERROR calling Ollama: 500 Server Error: Internal Server Error for url: http://localhost:11434/api/generate],เอดิสัน,0.0,0.0,1.0
131,scb10x/typhoon-ocr-7b:latest,เทสลาได้รับการเสนอชื่อให้ได้รับรางวัลโนเบลในปีใด,[ERROR calling Ollama: 500 Server Error: Internal Server Error for url: http://localhost:11434/api/generate],1937,0.0,0.0,1.0
132,scb10x/typhoon-ocr-7b:latest,บทความใดได้รับการตีพิมพ์ในปี 1937,[ERROR calling Ollama: 500 Server Error: Internal Server Error for url: http://localhost:11434/api/generate],"""เครื่องจักรสำหรับยุติ สงคราม",0.0,0.0,1.0
133,scb10x/typhoon-ocr-7b:latest,คำกล่าวนั้นทำให้ทัศนคติด้านศาสนาของเขาเป็นอย่างไร,[ERROR calling Ollama: 500 Server Error: Internal Server Error for url: http://localhost:11434/api/generate],คลุมเครือ,0.0,0.0,1.0
134,scb10x/typhoon-ocr-7b:latest,ในชื่อของบทความ เครื่องจักรหวังที่จะยุติสิ่งใด,[ERROR calling Ollama: 500 Server Error: Internal Server Error for url: http://localhost:11434/api/generate],สงคราม,0.0,0.0,1.0
135,scb10x/typhoon-ocr-7b:latest,วิทยาการคอมพิวเตอร์เชิงทฤษฎีสาขาใดที่ข้องเกี่ยวกับการจัดหมวดหมู่ปัญหาทางการคำนวณตามความยากและความสัมพันธ์,[ERROR calling Ollama: 500 Server Error: Internal Server Error for url: http://localhost:11434/api/generate],ทฤษฎีความซับซ้อนในการคำนวณ,0.0,0.0,1.0
136,scb10x/typhoon-ocr-7b:latest,โจทย์ปัญหาทางการคำนวณได้รับการจัดหมวดหมู่จากคุณสมบัติหลักใดโดยใช้ทฤษฎีความซับซ้อนในการคำนวณ,[ERROR calling Ollama: 500 Server Error: Internal Server Error for url: http://localhost:11434/api/generate],คุณสมบัติความยาก,0.0,0.0,1.0
137,scb10x/typhoon-ocr-7b:latest,คำศัพท์ใดใช้เรียกภารกิจซึ่งโดยทั่วไปแล้วยินยอมให้ตัวมันเองได้รับการแก้ไขด้วยคอมพิวเตอร์,[ERROR calling Ollama: 500 Server Error: Internal Server Error for url: http://localhost:11434/api/generate],โจทย์ปัญหาในการคำนวณ,0.0,0.0,1.0
138,scb10x/typhoon-ocr-7b:latest,ในโจทย์ปัญหาทางการคำนวณ อะไรสามารถเรียกได้ว่าเป็นสายอักขระของตัวอักษรหนึ่ง ๆ,[ERROR calling Ollama: 500 Server Error: Internal Server Error for url: http://localhost:11434/api/generate],อินสแตนซ์ของโจทย์ปัญหา,0.0,0.0,1.0
139,scb10x/typhoon-ocr-7b:latest,ตัวอักษรที่ถูกใช้มากที่สุดในอินสแตนซ์ของโจทย์ปัญหามีชื่อว่าอะไร,[ERROR calling Ollama: 500 Server Error: Internal Server Error for url: http://localhost:11434/api/generate],ไบนารี,0.0,0.0,1.0
140,scb10x/typhoon-ocr-7b:latest,สายของอินสแตนซ์ของโจทย์ปัญหาเรียกอีกอย่างว่าอะไร,[ERROR calling Ollama: 500 Server Error: Internal Server Error for url: http://localhost:11434/api/generate],สายบิต,0.0,0.0,1.0
141,scb10x/typhoon-ocr-7b:latest,ปกติแล้วจำนวนเต็มเขียนเป็นสัญลักษณ์ได้อย่างไรในการถอดรหัสวัตถุทางคณิตศาสตร์,[ERROR calling Ollama: 500 Server Error: Internal Server Error for url: http://localhost:11434/api/generate],สัญกรณ์ไบนารี,0.0,0.0,1.0
142,scb10x/typhoon-ocr-7b:latest,กราฟสามารถได้รับการถอดรหัสด้วยวิธีใด,[ERROR calling Ollama: 500 Server Error: Internal Server Error for url: http://localhost:11434/api/generate],เมตริกซ์ประชิด,0.0,0.0,1.0
143,scb10x/typhoon-ocr-7b:latest,โดยปกติแล้วโจทย์ปัญหาฟังก์ชั่นนั้นสามารถได้รับการเปลี่ยนรูปอย่างไร,[ERROR calling Ollama: 500 Server Error: Internal Server Error for url: http://localhost:11434/api/generate],ให้เป็นโจทย์ปัญหาสำหรับตัดสินใจ,0.0,0.0,1.0
144,scb10x/typhoon-ocr-7b:latest,ถ้าจำนวนเต็มสองจำนวนได้รับการคูณและแสดงผลลัพธ์ออกมา เซตที่นำมาแทนค่าเรียกว่าอะไร,[ERROR calling Ollama: 500 Server Error: Internal Server Error for url: http://localhost:11434/api/generate],เซตของสาม,0.0,0.0,1.0
145,scb10x/typhoon-ocr-7b:latest,เวลาที่เครื่องจักรทัวริงเชิงกำหนดต้องการในการแสดงผลคำตอบเขียนเป็นสัญลักษณ์ว่าอะไร,[ERROR calling Ollama: 500 Server Error: Internal Server Error for url: http://localhost:11434/api/generate],การเปลี่ยนสถานะ,0.0,0.0,1.0
146,scb10x/typhoon-ocr-7b:latest,ทฤษฎีความซับซ้อนจัดหมวดหมู่โจทย์ปัญหาโดยใช้อะไรเป็นเกณฑ์,[ERROR calling Ollama: 500 Server Error: Internal Server Error for url: http://localhost:11434/api/generate],ความยาก,0.0,0.0,1.0
147,scb10x/typhoon-ocr-7b:latest,ชุดของโจทย์ปัญหาซึ่งสามารถได้รับการแก้ภายในเวลาบนเครื่องจักรทัวริงเชิงกำหนดเขียนเป็นสัญลักษณ์ว่าอะไร,[ERROR calling Ollama: 500 Server Error: Internal Server Error for url: http://localhost:11434/api/generate],DTIME(f(n)),0.0,0.0,1.0
148,scb10x/typhoon-ocr-7b:latest,อะไรคือทรัพยากรที่ได้รับการวัดซึ่งจำเป็นที่สุดในการประเมินความสามารถในการคำนวณของเครื่องจักรทัวริงในการแก้โจทย์ปัญหาชุดใด ๆ ที่ได้รับ,[ERROR calling Ollama: 500 Server Error: Internal Server Error for url: http://localhost:11434/api/generate],เวลา,0.0,0.0,1.0
149,scb10x/typhoon-ocr-7b:latest,โดยทั่วไปแล้วหมวดหมู่ของความซับซ้อนได้รับการสันนิษฐานว่าเป็นอย่างไรซึ่งยังไม่ได้รับการพิสูจน์,[ERROR calling Ollama: 500 Server Error: Internal Server Error for url: http://localhost:11434/api/generate],เป็นที่สงสัยว่าไม่เท่ากัน,0.0,0.0,1.0
150,scb10x/typhoon-ocr-7b:latest,หมวดหมู่ของความซับซ้อนซึ่งเป็นที่สงสัยว่าไม่เท่ากันสามารถเขียนเป็นสัญลักษณ์ได้อย่างไร,[ERROR calling Ollama: 500 Server Error: Internal Server Error for url: http://localhost:11434/api/generate],P ⊆ NP ⊆ PP ⊆ PSPACE,0.0,0.0,1.0
151,scb10x/typhoon-ocr-7b:latest,"สามารถหาหมวดหมู่ของความซับซ้อน RP, BPP, PP, BQP, MA, และ PH ได้ที่ใด",[ERROR calling Ollama: 500 Server Error: Internal Server Error for url: http://localhost:11434/api/generate],ระหว่าง P และ PSPACE,0.0,0.0,1.0
152,scb10x/typhoon-ocr-7b:latest,หลักฐานใดที่อยู่ระหว่างและท่ามกลางหมวดหมู่ของความซับซ้อนที่จะสามารถแสดงถึงจุดผกผันของทฤษฎีความซับซ้อน,[ERROR calling Ollama: 500 Server Error: Internal Server Error for url: http://localhost:11434/api/generate],การพิสูจน์ว่าหมวดหมู่ใดๆ จากหมวดหมู่เหล่านี้ไม่เท่ากัน,0.0,0.0,1.0
153,scb10x/typhoon-ocr-7b:latest,ในอดีตรูปแบบการลงโทษทางร่างกายเกิดขึ้นบ่อยแค่ไหน?,[ERROR calling Ollama: 500 Server Error: Internal Server Error for url: http://localhost:11434/api/generate],เป็นหนึ่งในรูปแบบการฝึกของโรงเรียนที่พบได้บ่อยที่สุด,0.0,0.0,1.0
154,scb10x/typhoon-ocr-7b:latest,ที่ใดที่ไม่มีการลงโทษทางร่างกายแล้วบ้าง?,[ERROR calling Ollama: 500 Server Error: Internal Server Error for url: http://localhost:11434/api/generate],ประเทศตะวันตกเกือบทุกประเทศ,0.0,0.0,1.0
155,scb10x/typhoon-ocr-7b:latest,มีประเทศตะวันตกประเทศใดบ้างที่ยังอนุญาตให้มีการลงโทษทางร่างกายอยู่?,[ERROR calling Ollama: 500 Server Error: Internal Server Error for url: http://localhost:11434/api/generate],สหรัฐ,0.0,0.0,1.0
156,scb10x/typhoon-ocr-7b:latest,หน่วยงานสหรัฐหน่วยงานใดที่กล่าวว่าการลงโทษทางร่างกายเป็นไปตามรัฐธรรมนูญ?,[ERROR calling Ollama: 500 Server Error: Internal Server Error for url: http://localhost:11434/api/generate],ศาลฎีกาของสหรัฐอเมริกา,0.0,0.0,1.0
157,scb10x/typhoon-ocr-7b:latest,การลงโทษทางร่างกายมีผลต่อนักเรียนอย่างไรบ้าง?,[ERROR calling Ollama: 500 Server Error: Internal Server Error for url: http://localhost:11434/api/generate],ความเจ็บปวดทางร่างกาย,0.0,0.0,1.0
158,scb10x/typhoon-ocr-7b:latest,กลุ่มใดที่ครูในเวลส์สามารถลงทะเบียนด้วยได้?,[ERROR calling Ollama: 500 Server Error: Internal Server Error for url: http://localhost:11434/api/generate],สหภาพแรงงาน,0.0,0.0,1.0
159,scb10x/typhoon-ocr-7b:latest,เกิดอะไรขึ้นกับอายุเฉลี่ยของครูในเวลส์?,[ERROR calling Ollama: 500 Server Error: Internal Server Error for url: http://localhost:11434/api/generate],น้อยลง,0.0,0.0,1.0
160,scb10x/typhoon-ocr-7b:latest,เมื่อไรที่การโจมตีครูเกิดขึ้นมากสุด?,[ERROR calling Ollama: 500 Server Error: Internal Server Error for url: http://localhost:11434/api/generate],ระหว่างปี 2005 และ 2010,0.0,0.0,1.0
161,scb10x/typhoon-ocr-7b:latest,NASUWT คืออะไร?,[ERROR calling Ollama: 500 Server Error: Internal Server Error for url: http://localhost:11434/api/generate],สหภาพแรงงาน,0.0,0.0,1.0
162,scb10x/typhoon-ocr-7b:latest,การโจมตีครูก่อให้เกิดอะไร?,[ERROR calling Ollama: 500 Server Error: Internal Server Error for url: http://localhost:11434/api/generate],ความกังวล,0.0,0.0,1.0
163,scb10x/typhoon-ocr-7b:latest,ในสหรัฐ ใครเป็นผู้กำหนดคุณสมบัติที่ต้องการสำหรับครู?,[ERROR calling Ollama: 500 Server Error: Internal Server Error for url: http://localhost:11434/api/generate],แต่ละรัฐ,0.0,0.0,1.0
164,scb10x/typhoon-ocr-7b:latest,ใบประกาศนียบัตรการสอนมีผลนานที่สุดเท่าไร?,[ERROR calling Ollama: 500 Server Error: Internal Server Error for url: http://localhost:11434/api/generate],สิบปี,0.0,0.0,1.0
165,scb10x/typhoon-ocr-7b:latest,สิ่งที่ครูโรงเรียนรัฐต้องมีเป็นอย่างน้อยคืออะไร?,[ERROR calling Ollama: 500 Server Error: Internal Server Error for url: http://localhost:11434/api/generate],ปริญญาตรี,0.0,0.0,1.0
166,scb10x/typhoon-ocr-7b:latest,ใครที่ไม่บังคับว่าครูต้องมีการรับรอง?,[ERROR calling Ollama: 500 Server Error: Internal Server Error for url: http://localhost:11434/api/generate],โรงเรียนในกำกับของรัฐ,0.0,0.0,1.0
167,scb10x/typhoon-ocr-7b:latest,โรงเรียนในกำกับรัฐบาลต้องการว่าครูของพวกเขาถึงมาตรฐานเพื่อผ่านการรับรองโดยอะไร?,[ERROR calling Ollama: 500 Server Error: Internal Server Error for url: http://localhost:11434/api/generate],No Child Left Behind,0.0,0.0,1.0
168,scb10x/typhoon-ocr-7b:latest,ชื่อของครูทางจิตวิญญาณในศาสนาฮินดูชื่ออะไร?,[ERROR calling Ollama: 500 Server Error: Internal Server Error for url: http://localhost:11434/api/generate],กูรู,0.0,0.0,1.0
169,scb10x/typhoon-ocr-7b:latest,การเน้นในเรื่องการให้คำปรึกษาทางจิตวิญญาณในศาสนาฮินดูนั้นสูงหรือต่ำ?,[ERROR calling Ollama: 500 Server Error: Internal Server Error for url: http://localhost:11434/api/generate],สูงมาก,0.0,0.0,1.0
170,scb10x/typhoon-ocr-7b:latest,ใครที่กูรูควบคุม?,[ERROR calling Ollama: 500 Server Error: Internal Server Error for url: http://localhost:11434/api/generate],ลูกศิษย์,0.0,0.0,1.0
171,scb10x/typhoon-ocr-7b:latest,ในส่วนไหนที่เป็นเรื่องปกติสำหรับการให้คำปรึกษาทางจิตวิญญาณที่สูงมาก?,[ERROR calling Ollama: 500 Server Error: Internal Server Error for url: http://localhost:11434/api/generate],ตะวันตก,0.0,0.0,1.0
172,scb10x/typhoon-ocr-7b:latest,ครูสอนธรรมะในพุทธศาสนาทิเบตมีชื่อว่าอะไร?,[ERROR calling Ollama: 500 Server Error: Internal Server Error for url: http://localhost:11434/api/generate],ลามะ,0.0,0.0,1.0
173,scb10x/typhoon-ocr-7b:latest,สิ่งที่ลามะมุ่งมั่นที่จะทำคืออะไร?,[ERROR calling Ollama: 500 Server Error: Internal Server Error for url: http://localhost:11434/api/generate],เกิดใหม่,0.0,0.0,1.0
174,scb10x/typhoon-ocr-7b:latest,อะไรคือชื่อของการปฎิญาณพระโพธิสัตว์?,[ERROR calling Ollama: 500 Server Error: Internal Server Error for url: http://localhost:11434/api/generate],ตุลกุ,0.0,0.0,1.0
175,scb10x/typhoon-ocr-7b:latest,ลามะตกลงที่จะเกิดใหม่มากแค่ไหน?,[ERROR calling Ollama: 500 Server Error: Internal Server Error for url: http://localhost:11434/api/generate],หลายครั้ง,0.0,0.0,1.0
176,scb10x/typhoon-ocr-7b:latest,อะไรช่วยให้ลามะมุ่งมั่นที่จะเกิดใหม่?,[ERROR calling Ollama: 500 Server Error: Internal Server Error for url: http://localhost:11434/api/generate],พระวรสารและสิทธิ,0.0,0.0,1.0
177,scb10x/typhoon-ocr-7b:latest,"งานเขียนของลูเทอร์กระจายไปยังฝรั่งเศส, อังกฤษและอิตาลีเมื่อใด?",[ERROR calling Ollama: 500 Server Error: Internal Server Error for url: http://localhost:11434/api/generate],1519,0.0,0.0,1.0
178,scb10x/typhoon-ocr-7b:latest,ใครเดินทางมายัง Wittenberg เพื่อฟังลูเทอร์พูด?,[ERROR calling Ollama: 500 Server Error: Internal Server Error for url: http://localhost:11434/api/generate],นักเรียน,0.0,0.0,1.0
179,scb10x/typhoon-ocr-7b:latest,ช่วงใดในอาชีพของลูเทอร์ที่เป็นหนึ่งในช่วงที่ผลิตผลงานมากที่สุด?,[ERROR calling Ollama: 500 Server Error: Internal Server Error for url: http://localhost:11434/api/generate],เริ่มต้น,0.0,0.0,1.0
180,scb10x/typhoon-ocr-7b:latest,ผลงานที่เป็นที่รู้จักมากที่สุดของลูเทอร์เผยแพร่เมื่อใด?,[ERROR calling Ollama: 500 Server Error: Internal Server Error for url: http://localhost:11434/api/generate],1520,0.0,0.0,1.0
181,scb10x/typhoon-ocr-7b:latest,นอกจากการเผยแพร่หนังสือ To the Christian Nobility of the German Nation และ On the Babylonian Captivity of the Churchแล้ว ผลงานอื่นชิ้นใดที่ลูเทอร์เขียนในปี 1520?,[ERROR calling Ollama: 500 Server Error: Internal Server Error for url: http://localhost:11434/api/generate],On the Freedom of a Christian,0.0,0.0,1.0
182,scb10x/typhoon-ocr-7b:latest,ลูเทอร์ขยายการโจมตีของเขาเพื่อเพิ่มหลักคำสอนของคริสตจักรเมื่อใด?,[ERROR calling Ollama: 500 Server Error: Internal Server Error for url: http://localhost:11434/api/generate],ฤดูร้อนปี 1521,0.0,0.0,1.0
183,scb10x/typhoon-ocr-7b:latest,ลูเทอร์ได้บรรยายคนจำนวนมากที่ถูกมองเป็นเครื่องสังเวยว่าอย่างไร?,[ERROR calling Ollama: 500 Server Error: Internal Server Error for url: http://localhost:11434/api/generate],ถูกตราหน้าว่าเป็นพวกบูชา,0.0,0.0,1.0
184,scb10x/typhoon-ocr-7b:latest,ลูเทอร์เรียกพิธีมิสซาแทนที่การสังเวยว่าอะไร?,[ERROR calling Ollama: 500 Server Error: Internal Server Error for url: http://localhost:11434/api/generate],ของขวัญ,0.0,0.0,1.0
185,scb10x/typhoon-ocr-7b:latest,หลังการปฏิเสธการสารภาพแบบบังคับ ลูเทอร์เรียกร้องอะไรอีก?,[ERROR calling Ollama: 500 Server Error: Internal Server Error for url: http://localhost:11434/api/generate],การสารภาพและการให้อภัยเป็นการส่วนตัว,0.0,0.0,1.0
186,scb10x/typhoon-ocr-7b:latest,ลูเทอร์บอกอะไรกับพระและแม่ชีเกี่ยวกับคำสาบานของพวกเขาบ้าง?,[ERROR calling Ollama: 500 Server Error: Internal Server Error for url: http://localhost:11434/api/generate],ทำลายคำสาบาน,0.0,0.0,1.0
187,scb10x/typhoon-ocr-7b:latest,อะไรคือสิ่งที่เป็นที่ต้องการในยุคของมาร์ติน ลูเทอร์?,[ERROR calling Ollama: 500 Server Error: Internal Server Error for url: http://localhost:11434/api/generate],สิ่งพิมพ์ภาษาเยอรมัน,0.0,0.0,0.0
188,scb10x/typhoon-ocr-7b:latest,ผลงานชิ้นใดของลูเทอร์ที่ได้รับความนิยม?,[ERROR calling Ollama: 500 Server Error: Internal Server Error for url: http://localhost:11434/api/generate],คัมภีร์ไบเบิล,0.0,0.0,1.0
189,scb10x/typhoon-ocr-7b:latest,ความนิยมของงานแปลของลูเทอร์นำไปสู่อะไร?,[ERROR calling Ollama: 500 Server Error: Internal Server Error for url: http://localhost:11434/api/generate],วิวัฒนาการของภาษาและวรรณกรรมเยอรมัน,0.0,0.0,1.0
190,scb10x/typhoon-ocr-7b:latest,ศิลปินท่านใดที่ทำงานแกะสลักไม้ให้กับไบเบิลของลูเทอร์?,[ERROR calling Ollama: 500 Server Error: Internal Server Error for url: http://localhost:11434/api/generate],ลูคัส ครานัค,0.0,0.0,1.0
191,scb10x/typhoon-ocr-7b:latest,ผลงานแปลไบเบิลของใครที่ได้รับอิทธิพลจาก Luther Bible?,[ERROR calling Ollama: 500 Server Error: Internal Server Error for url: http://localhost:11434/api/generate],วิลเลียม ทนเดล,0.0,0.0,1.0
192,scb10x/typhoon-ocr-7b:latest,อะไรทำให้ลูเทอร์เขียนเพลงสวด?,[ERROR calling Ollama: 500 Server Error: Internal Server Error for url: http://localhost:11434/api/generate],เหตุการณ์ชีวิตของเขา,0.0,0.0,1.0
193,scb10x/typhoon-ocr-7b:latest,ทำไมโยฮันน์ เอชและเฮนริช โวถูกประหารโดยโบสถ์คาทอลิก?,[ERROR calling Ollama: 500 Server Error: Internal Server Error for url: http://localhost:11434/api/generate],เพราะมุมมองแบบลูเทอร์แรน,0.0,0.0,1.0
194,scb10x/typhoon-ocr-7b:latest,เพลงสวดอะไรที่ลูเทอร์แต่งหลังเอชและโวถูกฆ่าด้วยเรื่องศาสนา?,[ERROR calling Ollama: 500 Server Error: Internal Server Error for url: http://localhost:11434/api/generate],Ein neues Lied wir heben an,0.0,0.0,1.0
195,scb10x/typhoon-ocr-7b:latest,ใครคือผู้แปลเพลงสวดนี้เป็นภาษาอังกฤษ?,[ERROR calling Ollama: 500 Server Error: Internal Server Error for url: http://localhost:11434/api/generate],จอห์น ซี เมสเซนเจอร์,0.0,0.0,1.0
196,scb10x/typhoon-ocr-7b:latest,เพลงสวดนี้เป็นที่รู้จักในชื่อภาษาอังกฤษว่าอะไร?,[ERROR calling Ollama: 500 Server Error: Internal Server Error for url: http://localhost:11434/api/generate],Flung to the Heedless Winds,0.0,0.0,1.0
197,scb10x/typhoon-ocr-7b:latest,อะไรคือสิ่งที่ถูกค้นพบในภายหลังที่เขียนโดยลูเทอร์?,[ERROR calling Ollama: 500 Server Error: Internal Server Error for url: http://localhost:11434/api/generate],คำพูดสุดท้ายของเขา,0.0,0.0,1.0
198,scb10x/typhoon-ocr-7b:latest,คำพูดเกือบทั้งหมดถูกเขียนในภาษาใด?,[ERROR calling Ollama: 500 Server Error: Internal Server Error for url: http://localhost:11434/api/generate],ภาษาละติน,0.0,0.0,1.0
199,scb10x/typhoon-ocr-7b:latest,ส่วนใดของคำพูดสุดท้ายของลูเทอร์ที่เป็นภาษาเยอรมัน?,[ERROR calling Ollama: 500 Server Error: Internal Server Error for url: http://localhost:11434/api/generate],"""We are beggars,""",0.0,0.0,1.0
